,제목,저자,출간일자,가격,판매지수,링크
0,불변의 법칙,모건 하우절 저/이수경 역,2024년 02월,"22,500","판매지수 424,284",https://www.yes24.com/Product/Goods/124999476
1,패밀리 레스토랑 가자. 上,와야마 야마 글그림/현승희 역,2024년 04월,"7,650","판매지수 134,376",https://www.yes24.com/Product/Goods/125692983
2,일류의 조건,사이토 다카시 저/정현 역,2024년 03월,"17,820","판매지수 161,994",https://www.yes24.com/Product/Goods/125491624
3,나를 소모하지 않는 현명한 태도에 관하여,마티아스 뇔케 저/이미옥 역,2024년 03월,"16,020","판매지수 167,601",https://www.yes24.com/Product/Goods/125295101
4,삼체 1~3 세트,"류츠신 저/이현아, 허유영 역",2020년 07월,"60,300","판매지수 118,308",https://www.yes24.com/Product/Goods/90926731
5,나는 메트로폴리탄 미술관의 경비원입니다,"패트릭 브링리 저/김희정, 조현주 역",2023년 11월,"15,750","판매지수 411,657",https://www.yes24.com/Product/Goods/123675187
6,알사탕 제조법,백희나 저,2024년 03월,"9,000","판매지수 129,576",https://www.yes24.com/Product/Goods/125558276
7,마흔에 읽는 쇼펜하우어,강용수 저,2023년 09월,"15,300","판매지수 859,296",https://www.yes24.com/Product/Goods/122120495
8,세이노의 가르침,세이노(SayNo) 저,2023년 03월,"6,480","판매지수 1,811,112",https://www.yes24.com/Product/Goods/117014613
9,이처럼 사소한 것들,클레어 키건 저/홍한별 역,2023년 11월,"12,420","판매지수 308,556",https://www.yes24.com/Product/Goods/123400303
10,ETS 토익 정기시험 기출문제집 1000 Vol. 4 RC,ETS 저,2023년 12월,"17,820","판매지수 314,172",https://www.yes24.com/Product/Goods/124043812
11,ETS 토익 정기시험 기출문제집 1000 Vol. 4 LC,ETS 저,2023년 12월,"17,820","판매지수 294,477",https://www.yes24.com/Product/Goods/124043802
12,찌그러져도 동그라미입니다,김창완 저,2024년 03월,"16,020","판매지수 87,339",https://www.yes24.com/Product/Goods/125384202
13,위풍당당 여우 꼬리 5,손원평 글/만물상 그림,2024년 03월,"11,700","판매지수 42,237",https://www.yes24.com/Product/Goods/125691975
14,공부가 설렘이 되는 순간,조승우 저,2024년 02월,"16,920","판매지수 121,854",https://www.yes24.com/Product/Goods/125075376
15,비트코인 폭발적 상승에 올라타라,강환국 저,2024년 04월,"25,200","판매지수 41,067",https://www.yes24.com/Product/Goods/125660642
16,돈의 심리학 (30만 부 기념 스페셜 에디션),모건 하우절 저/이지연 역,2021년 01월,"17,820","판매지수 210,219",https://www.yes24.com/Product/Goods/96547408
17,"꽃길이 따로 있나, 내 삶이 꽃인 것을",오평선 저,2024년 03월,"15,120","판매지수 47,334",https://www.yes24.com/Product/Goods/125576919
18,깨진 틈이 있어야 그 사이로 빛이 들어온다,프리드리히 니체 저/김신종 역,2024년 03월,"16,920","판매지수 95,775",https://www.yes24.com/Product/Goods/125184439
19,열혈강호 90,전극진 글/양재현 그림,2024년 03월,"4,950","판매지수 53,010",https://www.yes24.com/Product/Goods/125659619
20,기적의 서울대 쌍둥이 공부법,"여호원, 여호용 저",2024년 03월,"17,100","판매지수 124,608",https://www.yes24.com/Product/Goods/125300689
21,요즘 역사 : 근대,황현필 저,2024년 03월,"16,200","판매지수 81,009",https://www.yes24.com/Product/Goods/125456070
22,이은경쌤의 초등어휘일력 365,이은경 저,2022년 10월,"16,920","판매지수 262,758",https://www.yes24.com/Product/Goods/114853233
23,똑 부러지게 내 생각을 전하는 말하기 연습,임정민 글/히쩌미 그림,2024년 03월,"12,870","판매지수 115,398",https://www.yes24.com/Product/Goods/125028521
24,"2024 큰별쌤 최태성의 별별한국사 한국사능력검정시험 심화(1,2,3급) 상",최태성 저,2023년 12월,"14,400","판매지수 231,933",https://www.yes24.com/Product/Goods/123930880
25,물질의 세계,에드 콘웨이 저/이종인 역,2024년 03월,"26,820","판매지수 92,295",https://www.yes24.com/Product/Goods/125105639
26,모순,양귀자 저,2013년 04월,"11,700","판매지수 249,747",https://www.yes24.com/Product/Goods/8759796
27,2024 제15회 젊은작가상 수상작품집,"김멜라, 공현진, 김기태, 김남숙, 김지연 저 외 2명 정보 더 보기/감추기",2024년 03월,"6,930","판매지수 25,080",https://www.yes24.com/Product/Goods/125709308
28,일을 잘 맡기는 기술,모리야 도모타 저/정지영 역,2024년 03월,"15,120","판매지수 35,469",https://www.yes24.com/Product/Goods/125542915
29,혼자일 수 없다면 나아갈 수 없다,프리드리히 니체 저/김욱 편역,2024년 03월,"15,750","판매지수 63,054",https://www.yes24.com/Product/Goods/125285962
30,퓨처 셀프,벤저민 하디 저/최은아 역,2023년 08월,"17,820","판매지수 598,302",https://www.yes24.com/Product/Goods/122090360
31,도둑맞은 집중력,요한 하리 저/김하현 역,2023년 04월,"16,920","판매지수 583,365",https://www.yes24.com/Product/Goods/118579613
32,"2024 큰별쌤 최태성의 별별한국사 한국사능력검정시험 심화(1,2,3급) 하",최태성 저,2023년 12월,"13,950","판매지수 215,172",https://www.yes24.com/Product/Goods/123930891
33,쇼펜하우어 인생수업 : 한 번뿐인 삶 이렇게 살아라,쇼펜하우어 저 / 김지민 편,2024년 02월,"15,750","판매지수 65,079",https://www.yes24.com/Product/Goods/125085536
34,처음부터 시작하는 주식투자 단타전략,홍인기 저,2023년 12월,"18,900","판매지수 205,821",https://www.yes24.com/Product/Goods/124112599
35,에그박사 12,에그박사 원저/박송이 글/홍종현 그림/김보숙 감수,2024년 03월,"13,050","판매지수 22,170",https://www.yes24.com/Product/Goods/125752452
36,무례한 친구가 생겼어요,크리스티나 퍼니발 글/케이티 드와이어 그림/이은경 역,2024년 02월,"15,030","판매지수 213,375",https://www.yes24.com/Product/Goods/124988172
37,아홉 살에 시작하는 똑똑한 초등신문,신효원 저,2023년 05월,"15,750","판매지수 343,608",https://www.yes24.com/Product/Goods/118413014
38,하루 한 장 나의 어휘력을 위한 필사 노트,유선경 저,2024년 03월,"21,420","판매지수 25,266",https://www.yes24.com/Product/Goods/125557465
39,타키 포오 얼렁뚱땅 상식스쿨 3,캐릭온TV 원저/김언정 글/조수현 그림/정효해 감수,2024년 03월,"12,600","판매지수 28,023",https://www.yes24.com/Product/Goods/125665949
40,프린세스 커넥트! Re:Dive 공식 아트웍스 Vol.1,전격게임서적편집부 저,2024년 04월,"33,300","판매지수 26,304",https://www.yes24.com/Product/Goods/125692713
41,나에게 들려주는 예쁜 말,김종원 글/나래 그림,2024년 02월,"15,120","판매지수 135,639",https://www.yes24.com/Product/Goods/124702605
42,코스모스,칼 에드워드 세이건 저/홍승수 역,2006년 12월,"17,910","판매지수 201,318",https://www.yes24.com/Product/Goods/2312211
43,벼랑 끝이지만 아직 떨어지진 않았어,소재원 저,2024년 03월,"16,200","판매지수 146,310",https://www.yes24.com/Product/Goods/125116528
44,시대예보: 핵개인의 시대,송길영 저,2023년 09월,"18,900","판매지수 255,915",https://www.yes24.com/Product/Goods/122457906
45,생각이 너무 많은 어른들을 위한 심리학 (10만부 돌파 기념 스페셜 에디션),김혜남 저,2023년 09월,"16,020","판매지수 251,505",https://www.yes24.com/Product/Goods/122428190
46,오십에 읽는 손자병법,최송목 저,2024년 02월,"16,650","판매지수 60,042",https://www.yes24.com/Product/Goods/125005921
47,과학혁명의 구조,"토마스 쿤 저/김명자, 홍성욱 역",2013년 09월,"16,200","판매지수 31,383",https://www.yes24.com/Product/Goods/11068788
48,고층 입원실의 갱스터 할머니,양유진 저,2024년 03월,"16,920","판매지수 198,378",https://www.yes24.com/Product/Goods/125402980
49,당신의 인생이 왜 힘들지 않아야 한다고 생각하십니까,아르투어 쇼펜하우어 저/김욱 역,2023년 06월,"15,750","판매지수 308,121",https://www.yes24.com/Product/Goods/119562091
50,맡겨진 소녀,클레어 키건 저/허진 역,2023년 04월,"11,700","판매지수 138,966",https://www.yes24.com/Product/Goods/118569079
51,데일 카네기 인간관계론 (무삭제 완역본),데일 카네기 저/임상훈 역,2019년 10월,"10,350","판매지수 267,162",https://www.yes24.com/Product/Goods/79297023
52,벚꽃 수영장,신현경 글/노예지 그림,2024년 03월,"15,120","판매지수 40,770",https://www.yes24.com/Product/Goods/125491330
53,별의 커비 푸푸푸 히어로 3,아오키 케이&미카마루 글그림/김지영 역,2024년 03월,"9,900","판매지수 23,613",https://www.yes24.com/Product/Goods/125686298
54,물리박사 김상욱의 수상한 연구실 3,김하연 글/정순규 그림/김상욱 기획,2024년 03월,"15,120","판매지수 31,185",https://www.yes24.com/Product/Goods/125660061
55,10대를 위한 총균쇠 수업,김정진 저,2023년 08월,"14,400","판매지수 144,762",https://www.yes24.com/Product/Goods/121911671
56,마법천자문 62,스튜디오 훈훈 글/정수영 그림/강용철 감수,2024년 03월,"14,220","판매지수 65,217",https://www.yes24.com/Product/Goods/125541718
57,홍보의 신,김선태 저,2024년 02월,"17,820","판매지수 35,898",https://www.yes24.com/Product/Goods/124866628
58,흐르는 강물처럼,셸리 리드 저/김보람 역,2024년 01월,"15,300","판매지수 21,723",https://www.yes24.com/Product/Goods/124425384
59,뿐이 토핑 이유식,정주희 저/이수진 감수,2024년 03월,"26,820","판매지수 89,604",https://www.yes24.com/Product/Goods/125183742
60,꽃이 좋은 사람,에이미 메릭 저/송예슬 역,2024년 04월,"27,000","판매지수 12,090",https://www.yes24.com/Product/Goods/125484022
61,2024 에듀윌 공인중개사 오시훈 키워드 암기장 부동산공법,오시훈 저,2024년 03월,"17,100","판매지수 92,499",https://www.yes24.com/Product/Goods/125453157
62,내 아이를 위한 사교육은 없다,김현주 저,2024년 03월,"16,200","판매지수 46,758",https://www.yes24.com/Product/Goods/125393193
63,해커스 토익 기출 VOCA (보카),David Cho 저,2023년 07월,"11,610","판매지수 319,959",https://www.yes24.com/Product/Goods/67362730
64,차트 분석 바이블,치과아저씨 저,2024년 04월,"45,000","판매지수 25,956",https://www.yes24.com/Product/Goods/125692904
65,나는 3학년 2반 7번 애벌레,김원아 글/이주희 그림,2016년 03월,"8,100","판매지수 199,566",https://www.yes24.com/Product/Goods/25283908
66,채사장의 지대넓얕 9 : 세계의 탄생,"채사장, 마케마케 글/정용환 그림",2024년 03월,"13,500","판매지수 63,498",https://www.yes24.com/Product/Goods/125326409
67,만화 나 혼자만 레벨업 10,추공 원저/장성락(REDICE STUDIO) 글그림,2024년 04월,"14,400","판매지수 30,546",https://www.yes24.com/Product/Goods/125648423
68,아이는 무엇으로 자라는가,버지니아 사티어 저/강유리 역,2023년 12월,"15,750","판매지수 159,345",https://www.yes24.com/Product/Goods/124702623
69,나는 나의 스무 살을 가장 존중한다,이하영 저,2024년 02월,"16,200","판매지수 104,088",https://www.yes24.com/Product/Goods/124926484
70,국어 잘하는 아이가 이깁니다,나민애 저,2024년 03월,"15,750","판매지수 57,339",https://www.yes24.com/Product/Goods/125384743
71,내가 모르는 사이에,김화요 글/오윤화 그림,2021년 06월,"9,000","판매지수 74,949",https://www.yes24.com/Product/Goods/102281750
72,돈의 속성 300쇄 리커버,김승호 저,2020년 06월,"16,020","판매지수 302,031",https://www.yes24.com/Product/Goods/90428162
73,2024 에듀윌 공인중개사 심정욱 핵심체크 OX 민법 및 민사특별법,심정욱 편저,2024년 03월,"16,200","판매지수 19,917",https://www.yes24.com/Product/Goods/125659608
74,긴긴밤,루리 글그림,2021년 02월,"10,350","판매지수 302,520",https://www.yes24.com/Product/Goods/97255028
75,그리스 로마 신화 38,박시연 글/최우빈 그림/강대진 감수,2024년 03월,"15,120","판매지수 28,926",https://www.yes24.com/Product/Goods/125648387
76,가끔씩 툭하고 러시아어로 부끄러워하는 옆자리의 아랴 양 6 특별판,SUN SUN SUN 저/모모코 그림/이승원 역,2024년 04월,"25,200","판매지수 15,270",https://www.yes24.com/Product/Goods/125707345
77,생각 중독,닉 트렌턴 저/박지선 역,2024년 02월,"16,200","판매지수 59,007",https://www.yes24.com/Product/Goods/125199008
78,2024 헝그리스포츠 7일 완성 스포츠지도사 2급 필기,한현근 저,2023년 07월,"27,900","판매지수 66,633",https://www.yes24.com/Product/Goods/119650769
79,[예스리커버] 오십에 읽는 주역,강기진 저,2023년 10월,"15,300","판매지수 144,870",https://www.yes24.com/Product/Goods/123126171
80,가라오케 가자!,와야마 야마 글그림/현승희 역,2022년 04월,"7,650","판매지수 28,494",https://www.yes24.com/Product/Goods/108803378
81,나는 진짜 돈이 되는 역세권 아파트에 투자한다,박희용(부동산히어로) 저,2024년 04월,"19,800","판매지수 14,160",https://www.yes24.com/Product/Goods/125649377
82,물고기는 존재하지 않는다,룰루 밀러 저/정지인 역,2021년 12월,"15,300","판매지수 216,057",https://www.yes24.com/Product/Goods/105526047
83,겸손의 힘,대릴 반 통게렌 저/신예용 역,2024년 03월,"17,820","판매지수 28,278",https://www.yes24.com/Product/Goods/125448217
84,다니엘스의 러닝 포뮬러,잭 다니엘스 저/주용태 역,2024년 04월,"19,800","판매지수 23,475",https://www.yes24.com/Product/Goods/125188748
85,내가 한 말을 내가 오해하지 않기로 함,문상훈 저,2024년 01월,"17,820","판매지수 236,469",https://www.yes24.com/Product/Goods/124127709
86,구의 증명,최진영 저,2023년 04월,"10,800","판매지수 182,700",https://www.yes24.com/Product/Goods/118578901
87,찾기 대장 김지우,장희정 글/김무연 그림,2024년 03월,"11,700","판매지수 21,984",https://www.yes24.com/Product/Goods/125386247
88,비트코인 슈퍼 사이클,신민철(처리형) 저,2024년 01월,"22,500","판매지수 113,034",https://www.yes24.com/Product/Goods/124717965
89,2024 고시넷 지역농협 6급 NCS 오픈봉투모의고사,고시넷 NCS 연구소 편저,2024년 03월,"22,500","판매지수 27,696",https://www.yes24.com/Product/Goods/125343440
90,느리게 나이 드는 습관,정희원 저,2023년 12월,"16,200","판매지수 133,185",https://www.yes24.com/Product/Goods/123318244
91,샌드랜드 완전판 SAND LAND,"토리야마 아키라 글, 그림",2024년 03월,"10,800","판매지수 13,530",https://www.yes24.com/Product/Goods/125790729
92,ETS 토익기출 파트별 VOCA 보카,ETS 저,2022년 12월,"11,700","판매지수 211,215",https://www.yes24.com/Product/Goods/116467955
93,체리새우 : 비밀글입니다,황영미 저,2019년 01월,"10,350","판매지수 132,894",https://www.yes24.com/Product/Goods/69240128
94,지적인 어른을 위한 최소한의 교양수업,사이토 다카시 저/신찬 역,2024년 03월,"16,920","판매지수 21,930",https://www.yes24.com/Product/Goods/125558632
95,빨간내복야코 맞춤법 절대 안 틀리는 책 1,빨간내복야코 원저/박종은 글/이영아 그림/샌드박스 네트워크 감수,2024년 02월,"12,600","판매지수 72,642",https://www.yes24.com/Product/Goods/125077403
96,퍼스널 MBA,"조시 카우프만 저/박상진, 이상호 역",2024년 01월,"31,950","판매지수 93,426",https://www.yes24.com/Product/Goods/124707232
97,사람을 안다는 것,데이비드 브룩스 저/이경식 역,2024년 04월,"18,000","판매지수 13,824",https://www.yes24.com/Product/Goods/125668307
98,2024 에듀윌 공인중개사 한영규 합격서 부동산세법,한영규 편저,2024년 02월,"13,500","판매지수 78,126",https://www.yes24.com/Product/Goods/125190422
99,불편한 편의점,김호연 저,2021년 04월,"12,600","판매지수 268,908",https://www.yes24.com/Product/Goods/99308021
100,당신들의 댄스 댄스,유동규 저,2024년 04월,"16,920","판매지수 66,219",https://www.yes24.com/Product/Goods/125667310
101,벚꽃 팝콘,백유연 글그림,2020년 03월,"11,700","판매지수 52,563",https://www.yes24.com/Product/Goods/89761750
102,삼체 1부,류츠신 저/이현아 역,2022년 02월,"15,300","판매지수 29,775",https://www.yes24.com/Product/Goods/107477481
103,만질 수 있는 생각,이수지 저,2024년 03월,"22,500","판매지수 18,894",https://www.yes24.com/Product/Goods/125648150
104,좋은 일이 오려고 그러나 보다 (리커버판),박여름 저,2023년 07월,"15,120","판매지수 178,677",https://www.yes24.com/Product/Goods/120785860
105,도올 주역 계사전,김용옥 저,2024년 04월,"25,200","판매지수 15,150",https://www.yes24.com/Product/Goods/125711455
106,다 하지 못한 말,임경선 저,2024년 03월,"16,200","판매지수 30,480",https://www.yes24.com/Product/Goods/125574654
107,ETS 토익 단기공략 750+ (LC+RC),ETS 저,2020년 08월,"16,200","판매지수 176,769",https://www.yes24.com/Product/Goods/91868954
108,"명화의 탄생, 그때 그 사람",성수영 저,2024년 03월,"18,900","판매지수 37,707",https://www.yes24.com/Product/Goods/125313931
109,해커스 일본어 첫걸음 : 일본어 기초 20일 독학 완성!,해커스 일본어연구소 저,2021년 07월,"12,510","판매지수 171,636",https://www.yes24.com/Product/Goods/102502665
110,지적 대화를 위한 넓고 얕은 지식 1,채사장 저,2020년 02월,"14,400","판매지수 147,099",https://www.yes24.com/Product/Goods/86545658
111,최소한의 한국사,최태성 저,2023년 06월,"16,200","판매지수 375,174",https://www.yes24.com/Product/Goods/119458052
112,2024 북적북적 저절로 암기노트 & 문제풀이 예금일반,이종학 편저,2024년 04월,"16,200","판매지수 12,510",https://www.yes24.com/Product/Goods/125707075
113,사랑인 줄 알았는데 부정맥,"사단법인 전국유료실버타운협회, 포푸라샤 편집부 저/이지수 역",2024년 01월,"11,970","판매지수 85,056",https://www.yes24.com/Product/Goods/124472824
114,나는 배당투자로 매일 스타벅스 커피를 공짜로 마신다,송민섭(수페TV) 저,2023년 12월,"21,600","판매지수 128,661",https://www.yes24.com/Product/Goods/123876440
115,진짜 어른이 되기 위한 청소년 논어,판덩 저/하은지 역,2024년 04월,"16,020","판매지수 10,920",https://www.yes24.com/Product/Goods/125709528
116,2024 에듀윌 스포츠지도사 필기 한권끝장+모의고사 3회분,"정수봉, 원효리, 이준영, 이성열, 임다연 편저",2024년 01월,"28,800","판매지수 57,819",https://www.yes24.com/Product/Goods/122191982
117,양수인간,최설민 저,2024년 03월,"17,820","판매지수 21,384",https://www.yes24.com/Product/Goods/125453202
118,아무거나 문방구 1 : 뚝딱! 이야기 한판,정은정 글/유시연 그림,2024년 03월,"10,800","판매지수 16,080",https://www.yes24.com/Product/Goods/125592306
119,세계를 건너 너에게 갈게,이꽃님 저,2018년 02월,"11,250","판매지수 139,566",https://www.yes24.com/Product/Goods/58552371
120,"2024 큰별쌤 최태성의 별별한국사 기출 500제 한국사능력검정시험 심화 (1,2,3급)",최태성 저,2024년 01월,"17,550","판매지수 82,398",https://www.yes24.com/Product/Goods/124539805
121,진짜 쓰는 실무 엑셀,전진권 저,2022년 02월,"18,900","판매지수 175,149",https://www.yes24.com/Product/Goods/106711883
122,하버드 100년 전통 인간관계 수업,무천강 저/정은지 역,2024년 04월,"16,920","판매지수 10,440",https://www.yes24.com/Product/Goods/125708600
123,부의 인사이트,함서경 저,2024년 03월,"18,000","판매지수 25,764",https://www.yes24.com/Product/Goods/125130905
124,눈물꽃 소년,박노해 저,2024년 02월,"16,200","판매지수 61,512",https://www.yes24.com/Product/Goods/124988883
125,이토록 공부가 재미있어지는 순간,박성혁 저,2023년 08월,"16,200","판매지수 264,699",https://www.yes24.com/Product/Goods/16384156
126,매주 달러 받는 배당주 통장,장우석 저,2024년 03월,"17,820","판매지수 22,425",https://www.yes24.com/Product/Goods/125384672
127,흔한남매의 흔한 호기심 11,"흔한남매 원저/안치현 글/유난희 그림/이정모, 흔한컴퍼니 감수",2024년 02월,"12,600","판매지수 71,592",https://www.yes24.com/Product/Goods/124999096
128,고양이 해결사 깜냥 6,홍민정 글/김재희 그림,2023년 10월,"10,800","판매지수 143,043",https://www.yes24.com/Product/Goods/123180586
129,이기적 유전자 The Selfish Gene,"리처드 도킨스 저/홍영남, 이상임 역",2018년 10월,"18,000","판매지수 187,884",https://www.yes24.com/Product/Goods/65067259
130,인간 실격,다자이 오사무 저,2004년 05월,"8,100","판매지수 132,252",https://www.yes24.com/Product/Goods/1387488
131,웡카,"시빌 파운더 글/Paul King, 사이먼 파너비 편/김난령 역",2024년 01월,"14,400","판매지수 78,486",https://www.yes24.com/Product/Goods/124213903
132,해커스 토익 RC Reading(리딩) 기본서,David Cho 저,2023년 07월,"16,920","판매지수 161,235",https://www.yes24.com/Product/Goods/116020437
133,경쟁 교육은 야만이다,김누리 저,2024년 03월,"16,650","판매지수 19,710",https://www.yes24.com/Product/Goods/125451529
134,사고뭉치 소방관 오케이 1,강효미 글/김경희 그림,2024년 03월,"13,050","판매지수 14,481",https://www.yes24.com/Product/Goods/125343453
135,설민석의 세계사 대모험 20,"설민석, 김정욱 글/박성일 그림/신정환 감수",2024년 03월,"11,700","판매지수 40,152",https://www.yes24.com/Product/Goods/125491004
136,무엇이 나를 행복하게 만드는가,"리처드 J. 라이더, 데이비드 A. 샤피로 저/김정홍 역",2024년 03월,"17,820","판매지수 26,718",https://www.yes24.com/Product/Goods/125122249
137,책 먹는 여우의 봄 이야기,프란치스카 비어만 글그림/송순섭 역,2024년 03월,"12,600","판매지수 25,266",https://www.yes24.com/Product/Goods/125313059
138,더 그레이트 비트코인,오태민 저,2023년 10월,"31,500","판매지수 77,112",https://www.yes24.com/Product/Goods/123177470
139,JLPT(일본어능력시험) 한권으로 끝내기 N3,"이치우, 기타지마 치즈코 저",2021년 10월,"24,300","판매지수 76,017",https://www.yes24.com/Product/Goods/104074668
140,2024 해커스경찰 갓대환 형사법 기출총정리 세트,김대환 편저,2024년 01월,"81,900","판매지수 34,575",https://www.yes24.com/Product/Goods/124725756
141,설민석의 한국사 대모험 28,"설민석, 스토리박스 글/정현희 그림/강석화 감수",2024년 02월,"11,700","판매지수 82,194",https://www.yes24.com/Product/Goods/125131238
142,2024 에듀윌 공인중개사 임선정 그림 암기법 : 공인중개사법령 및 중개실무,임선정 편저,2024년 03월,"12,600","판매지수 49,386",https://www.yes24.com/Product/Goods/125394915
143,우리 대화할까요,후션즈 저/박지수 역,2024년 04월,"16,020","판매지수 9,360",https://www.yes24.com/Product/Goods/125708947
144,패터슨,윌리엄 칼로스 윌리엄스 저/황유원 역,2024년 03월,"18,900","판매지수 3,156",https://www.yes24.com/Product/Goods/125075522
145,야옹이 수영 교실,신현경 글/노예지 그림,2023년 07월,"14,220","판매지수 34,878",https://www.yes24.com/Product/Goods/120761391
146,2024 최신판 에듀윌 공기업 국민건강보험공단 NCS+법률 실전모의고사 4+4회&법률 100제,에듀윌 취업연구소 저,2024년 03월,"19,800","판매지수 23,082",https://www.yes24.com/Product/Goods/125447851
147,처음 읽는 그리스 로마 신화 11,최설희 글/한현동 그림/정수영 편,2024년 03월,"12,150","판매지수 62,616",https://www.yes24.com/Product/Goods/125316473
148,꿈과 돈,니시노 아키히로 저/최지현 역,2024년 03월,"16,920","판매지수 57,666",https://www.yes24.com/Product/Goods/125294390
149,키위엔 영어회화 하루 5분의 기적,박강준 저,2022년 12월,"17,550","판매지수 199,455",https://www.yes24.com/Product/Goods/115475489
150,나는 행복한 푸바오 할부지입니다,강철원 글/류정훈 사진,2024년 02월,"16,200","판매지수 107,151",https://www.yes24.com/Product/Goods/125101034
151,내 마음의 위험한 녀석 9,사쿠라이 노리오 글그림/조원로 역,2024년 04월,"5,400","판매지수 9,450",https://www.yes24.com/Product/Goods/125805012
152,모든 것은 기본에서 시작한다,손웅정 저,2021년 10월,"14,400","판매지수 88,665",https://www.yes24.com/Product/Goods/104086365
153,2024 이동기 영어 직전동형 모의고사 Vol.2,(주)이앤미래(이동기) 편저,2024년 04월,"13,500","판매지수 13,329",https://www.yes24.com/Product/Goods/125617439
154,내가 알고 있는 걸 당신도 알게 된다면 (리커버 에디션),칼 필레머 저/박여진 역,2022년 08월,"15,300","판매지수 59,526",https://www.yes24.com/Product/Goods/112198856
155,Veil 1,코테리 글그림/정우주 역,2024년 04월,"11,520","판매지수 9,150",https://www.yes24.com/Product/Goods/125708035
156,AI 2024,김덕진 저,2023년 10월,"19,800","판매지수 140,190",https://www.yes24.com/Product/Goods/122880691
157,부자 아빠 가난한 아빠 20주년 특별 기념판,로버트 기요사키 저/안진환 역,2018년 02월,"15,300","판매지수 195,996",https://www.yes24.com/Product/Goods/58774995
158,철학의 숲,브렌던 오도너휴 저/허성심 역,2020년 08월,"14,400","판매지수 54,960",https://www.yes24.com/Product/Goods/91901557
159,자본주의,"정지은, 고희정 저",2013년 09월,"15,300","판매지수 155,586",https://www.yes24.com/Product/Goods/11081680
160,강인함의 힘,스티브 매그니스 저/이주만 역,2024년 03월,"19,800","판매지수 17,118",https://www.yes24.com/Product/Goods/125448202
161,비스킷,김선미 저,2023년 09월,"13,320","판매지수 82,530",https://www.yes24.com/Product/Goods/122425604
162,흔한남매 이상한 나라의 고전 읽기 5,최재훈 글/정주연 그림/흔한남매 감수,2024년 03월,"12,600","판매지수 43,470",https://www.yes24.com/Product/Goods/125325926
163,여름을 한 입 베어 물었더니,이꽃님 저,2023년 08월,"11,250","판매지수 87,636",https://www.yes24.com/Product/Goods/121826324
164,불편한 편의점 2,김호연 저,2022년 08월,"12,600","판매지수 199,962",https://www.yes24.com/Product/Goods/111088149
165,총 균 쇠,재레드 다이아몬드 저/강주헌 역,2023년 05월,"26,820","판매지수 154,482",https://www.yes24.com/Product/Goods/118755085
166,사피엔스,유발 하라리 저/조현욱 역/이태수 감수,2015년 11월,"24,120","판매지수 130,356",https://www.yes24.com/Product/Goods/23030284
167,Veil 2,코테리 글그림/정우주 역,2024년 04월,"11,520","판매지수 8,790",https://www.yes24.com/Product/Goods/125708049
168,[예스리커버] 결국 해내는 사람들의 원칙,"바바라 피즈, 앨런 피즈 저/이재경 역",2020년 12월,"16,200","판매지수 122,649",https://www.yes24.com/Product/Goods/96072143
169,원씽 THE ONE THING,"게리 켈러, 제이 파파산 저/구세희 역",2013년 08월,"15,120","판매지수 283,458",https://www.yes24.com/Product/Goods/9349031
170,2024 써니 행정법총론 봉투모의고사,박준철 편저,2024년 04월,"8,100","판매지수 10,812",https://www.yes24.com/Product/Goods/125676697
171,정욕(正欲),아사이 료 저/민경욱 역,2024년 03월,"15,480","판매지수 11,484",https://www.yes24.com/Product/Goods/125593053
172,세상의 마지막 기차역,무라세 다케시 저/김지연 역,2022년 05월,"12,600","판매지수 165,336",https://www.yes24.com/Product/Goods/109308932
173,긴 인생을 위한 짧은 영어 책,박혜윤 저,2024년 03월,"15,120","판매지수 26,838",https://www.yes24.com/Product/Goods/125283751
174,유목민의 투자의 정석,유목민 저,2024년 01월,"25,200","판매지수 93,735",https://www.yes24.com/Product/Goods/124501342
175,나도 상처 받지 않고 친구도 상처 받지 않는 말하기 연습,강승임 글/김규정 그림,2023년 02월,"12,150","판매지수 99,486",https://www.yes24.com/Product/Goods/117648733
176,우리는 모두 죽는다는 것을 기억하라,웨인 다이어 저/정지현 역,2019년 11월,"15,300","판매지수 123,258",https://www.yes24.com/Product/Goods/82287934
177,[예스리커버] 회복탄력성,김주환 저,2019년 03월,"13,320","판매지수 108,915",https://www.yes24.com/Product/Goods/71743513
178,불량한 자전거 여행,김남중 저/허태준 그림,2009년 07월,"10,800","판매지수 108,006",https://www.yes24.com/Product/Goods/3486146
179,데미안,헤르만 헤세 저/전영애 역,2000년 12월,"7,200","판매지수 116,115",https://www.yes24.com/Product/Goods/176787
180,2024 심우철 실전 동형 모의고사 Season 3,심우철 저,2024년 04월,"14,400","판매지수 10,266",https://www.yes24.com/Product/Goods/125667241
181,고전의 숲,김태완 저,2023년 06월,"15,750","판매지수 77,676",https://www.yes24.com/Product/Goods/119243875
182,사카모토 데이즈 14 더블특전판,스즈키 유우토 글그림,2024년 03월,"5,400","판매지수 35,283",https://www.yes24.com/Product/Goods/125405449
183,5번 레인,은소홀 저/노인경 그림,2020년 09월,"11,250","판매지수 181,911",https://www.yes24.com/Product/Goods/92578889
184,김재우의 영어회화 100,김재우 저,2023년 07월,"19,800","판매지수 154,761",https://www.yes24.com/Product/Goods/119882948
185,트렌드 코리아 2024,"김난도, 전미영, 최지혜, 이수진, 권정윤 저 외 6명 정보 더 보기/감추기",2023년 10월,"17,100","판매지수 508,134",https://www.yes24.com/Product/Goods/122426425
186,2024 수제비 정보처리기사 실기 세트,"윤영빈, 서용욱, 김학배, 박인상 저",2024년 03월,"36,000","판매지수 38,964",https://www.yes24.com/Product/Goods/125191185
187,2024 해커스경찰 김재규 경찰학 핵심 SUBNOTE 서브노트,김재규 편저,2024년 03월,"36,000","판매지수 16,614",https://www.yes24.com/Product/Goods/125618285
188,센세이셔널,애슐리 워드 저/김성훈 역,2024년 01월,"19,800","판매지수 18,270",https://www.yes24.com/Product/Goods/124502370
189,파타,문가영 저,2024년 03월,"19,800","판매지수 63,888",https://www.yes24.com/Product/Goods/125100930
190,내 말이 그 말이에요,김제동 저,2024년 03월,"15,300","판매지수 42,819",https://www.yes24.com/Product/Goods/125214002
191,늪 100층짜리 집,이와이 도시오 글그림/김숙 역,2024년 05월,"13,500","판매지수 11,259",https://www.yes24.com/Product/Goods/125606701
192,플라톤의 인생 수업,장재형 저,2024년 03월,"16,920","판매지수 13,368",https://www.yes24.com/Product/Goods/125660337
193,남에게 보여주려고 인생을 낭비하지 마라,아르투어 쇼펜하우어 저/박제헌 역,2023년 10월,"15,750","판매지수 257,586",https://www.yes24.com/Product/Goods/122944685
194,어린 왕자 오리지널 초판본,앙투안 드 생텍쥐페리 저/변광배 해설/김수영 역,2020년 09월,"2,970","판매지수 88,227",https://www.yes24.com/Product/Goods/93082287
195,2024 헝그리스포츠 생활/전문 2급 스포츠지도사 파이널 모의고사 기출문제집,한현근 저,2024년 03월,"25,200","판매지수 31,632",https://www.yes24.com/Product/Goods/125295042
196,2024 에듀윌 공인중개사 2차 단원별 기출문제집 부동산공시법,김민석 편저,2024년 02월,"15,300","판매지수 44,796",https://www.yes24.com/Product/Goods/124864417
197,2024 에듀윌 공인중개사 오시훈 합격서 부동산공법 이론+체계도,오시훈 편저,2024년 01월,"19,800","판매지수 83,298",https://www.yes24.com/Product/Goods/124341556
198,"2024.2025 큰별쌤 최태성의 별별한국사 시대별 기출문제집 한국사능력검정시험 심화(1,2,3급)",최태성 저,2023년 12월,"17,550","판매지수 63,630",https://www.yes24.com/Product/Goods/124219505
199,개욕탕,김유 글/소복이 그림,2024년 03월,"12,600","판매지수 16,320",https://www.yes24.com/Product/Goods/125556588
200,2024 에듀윌 공인중개사 2차 단원별 기출문제집 부동산세법,한영규 편저,2024년 02월,"14,400","판매지수 45,270",https://www.yes24.com/Product/Goods/124864423
201,2024 최신판 에듀윌 공기업 코레일 한국철도공사 NCS+전공 봉투모의고사 7+2회,에듀윌 취업연구소 편저,2024년 01월,"18,900","판매지수 31,392",https://www.yes24.com/Product/Goods/124520926
202,내면소통,김주환 저,2023년 02월,"29,700","판매지수 241,833",https://www.yes24.com/Product/Goods/117643865
203,해커스 토익 LC Listening(리스닝) 기본서,David Cho 저,2023년 07월,"16,920","판매지수 124,548",https://www.yes24.com/Product/Goods/116020471
204,타이탄의 도구들 (블랙 에디션),"팀 페리스 저/박선령, 정지현 역",2022년 06월,"16,200","판매지수 183,675",https://www.yes24.com/Product/Goods/37533966
205,2024 에듀윌 공인중개사 2차 단원별 기출문제집 부동산공법,오시훈 편저,2024년 02월,"22,500","판매지수 46,572",https://www.yes24.com/Product/Goods/124864407
206,아주 희미한 빛으로도,최은영 저,2023년 08월,"15,120","판매지수 189,432",https://www.yes24.com/Product/Goods/120761010
207,죽이고 싶은 아이,이꽃님 저,2021년 06월,"11,250","판매지수 93,318",https://www.yes24.com/Product/Goods/101864763
208,데일 카네기 자기관리론,데일 카네기 저/임상훈 역,2021년 01월,"10,350","판매지수 171,135",https://www.yes24.com/Product/Goods/96794060
209,지적 대화를 위한 넓고 얕은 지식 2,채사장 저,2020년 02월,"14,400","판매지수 84,339",https://www.yes24.com/Product/Goods/86545684
210,2024 에듀윌 공인중개사 1차 단원별 기출문제집 민법 및 민사특별법,심정욱 편저,2024년 01월,"19,800","판매지수 41,001",https://www.yes24.com/Product/Goods/124744943
211,좋은 문장 표현에서 문장부호까지!,이수연 저,2024년 02월,"16,200","판매지수 33,984",https://www.yes24.com/Product/Goods/124899886
212,요즘 어른을 위한 최소한의 세계사,임소미 저/김봉중 감수,2023년 09월,"16,920","판매지수 222,852",https://www.yes24.com/Product/Goods/122433629
213,2024 에듀윌 공인중개사 2차 단원별 기출문제집 공인중개사법령 및 중개실무,임선정 편저,2024년 02월,"18,900","판매지수 44,898",https://www.yes24.com/Product/Goods/124864391
214,2024 에듀윌 공인중개사 1차 단원별 기출문제집 부동산학개론,이영방 편저,2024년 01월,"19,800","판매지수 39,651",https://www.yes24.com/Product/Goods/124744948
215,날개 환상통,김혜순 저,2019년 03월,"10,800","판매지수 19,590",https://www.yes24.com/Product/Goods/71902440
